{
    "image_info": {
        "width": 600,
        "height": 600,
        "center": {
            "x": 299.9975878039367,
            "y": 300.00408465200053
        }
    },
    "boundaries": [
        101,
        201
    ],
    "regions": [
        {
            "type": "core",
            "radial_range": [
                0,
                