{
    "avg_core_radius_ratio": 0.15,
    "avg_cladding_radius_ratio": 0.5,
    "avg_center_offset": 0.02,
    "method_scores": {
        "guess_approach": 1.1576250000000001,
        "segmentation": 1.1576250000000001,
        "computational_separation": 0.8573749999999999,
        "gradient_approach": 0.8573749999999999
    },
    "method_accuracy": {}
}