{
    "image_info": {
        "width": 1024,
        "height": 1024,
        "center": {
            "x": 503.8297925327101,
            "y": 504.7939598858259
        }
    },
    "boundaries": [
        202,
        287
    ],
    "regions": [
        {
            "type": "core",
            "radial_range": [
                0,
                