{
    "image_properties": {
        "width": 1024,
        "height": 1024,
        "center": {
            "x": 475.00306776791666,
            "y": 409.13650028215255
        }
    },
    "intensity_statistics": {
        "core": {
            "mean": 132.62149842532736,
            "std": 19.28952806226603,
            "median": 132.0,
            "min": 99.0,
            "max": 171.0,
            "percentile_25": 115.0,
            "percentile_75": 149.0
        },
        "cladding": {
            "mean": 124.24815724815724,
            "std": 24.27777494800151,
            "median": 112.0,
            "min": 95.0,
            "max": 204.0,
            "percentile_25": 106.0,
            "percentile_75": 142.0
        },
        "ferrule": {
            "mean": 141.16698953238833,
            "std": 32.152416687257784,
            "median": 137.0,
            "min": 63.0,
            "max": 255.0,
            "percentile_25": 117.0,
            "percentile_75": 163.0
        }
    },
    "gradient_statistics": {
        "core": {
            "mean": 32.10305090800218,
            "std": 21.00021603461477,
            "max": 185.28356645962967
        },
        "cladding": {
            "mean": 51.891254505276706,
            "std": 75.50012881009108,
            "max": 881.0459692887766
        },
        "ferrule": {
            "mean": 76.96963782114973,
            "std": 139.54871953519915,
            "max": 2816.233299994871
        }
    },
    "variance_statistics": {
        "core": {
            "mean": 5.0591206550598145,
            "std": 10.141339302062988,
            "max": 105.119140625
        },
        "cladding": {
            "mean": 27.014371871948242,
            "std": 92.6748275756836,
            "max": 823.5886840820312
        },
        "ferrule": {
            "mean": 59.87709045410156,
            "std": 223.45343017578125,
            "max": 5084.32763671875
        }
    },
    "texture_statistics": {
        "core": {
            "mean": 15.205860137939453,
            "std": 2.1200764179229736
        },
        "cladding": {
            "mean": 14.52330207824707,
            "std": 2.898948907852173
        },
        "ferrule": {
            "mean": 16.95709991455078,
            "std": 4.194134712219238
        }
    },
    "region_characteristics": {
        "core": {
            "pixel_count": 12066,
            "percentage": 1.1507034301757812
        },
        "cladding": {
            "pixel_count": 30932,
            "percentage": 2.9499053955078125
        },
        "ferrule": {
            "pixel_count": 1005578,
            "percentage": 95.8993911743164
        }
    },
    "transition_analysis": {
        "detected_boundaries": [
            62,
            117
        ],
        "num_regions": 3,
        "region_details": [
            {
                "start_radius": 0,
                "end_radius": 