{
    "method_scores": {
        "guess_approach": 0.2825833040862995,
        "segmentation": 1.2897834984728176,
        "computational_separation": 1.9434627115502177,
        "gradient_approach": 0.8573749999999999,
        "adaptive_intensity": 0.5144459163885488,
        "geometric_approach": 0.3502338505356147,
        "hough_separation": 0.5411085509260587,
        "threshold_separation": 0.22637152130021054,
        "unified_core_cladding_detector": 0.4997773603544833
    },
    "method_accuracy": {
        "adaptive_intensity": 0.08282696001360736,
        "computational_separation": 0.9993144562648115,
        "geometric_approach": 0.29468991890072,
        "guess_approach": 6.859416263636751e-05,
        "hough_separation": 0.18270389134077109,
        "segmentation": 0.9416239732099554,
        "threshold_separation": 0.044097491505703273,
        "unified_core_cladding_detector": 0.17865014066447973
    },
    "avg_core_radius_ratio": 0.15,
    "avg_cladding_radius_ratio": 0.5,
    "avg_center_offset": 0.02
}